{
    "cam0": {
        "location": [
            -2.0,
            3.0,
            6.0
        ],
        "rotation": [
            2.677849334820917,
            0.2897386200789578,
            -2.9996682474856593
        ],
        "width": 640,
        "height": 480,
        "fov": 28
    },
    "cam1": {
        "location": [
            -5.000000476837158,
            3.000000238418579,
            -4.000000476837158
        ],
        "rotation": [
            0.643616834937188,
            0.7853547295257153,
            -0.4876980734726435
        ],
        "width": 640,
        "height": 360,
        "fov": 43
    },
    "cam2": {
        "location": [
            1.999999761581421,
            7.0,
            -0.9999998807907104
        ],
        "rotation": [
            1.428944041750045,
            -0.27556075791702606,
            1.0874472236026484
        ],
        "width": 640,
        "height": 640,
        "fov": 32
    }
}